{
    "rmse": 5.2399820170057545,
    "mae": 4.899050288918133,
    "r2": 0.9554233263074468
}