{
    "rmse": 4.7328041180164755,
    "mae": 4.447034863467047,
    "r2": 0.9780731119914462
}